﻿<TaskTargets>
	<TaskTarget TaskTargetGuid="A9DF953D-209D-4720-9995-F4ABBF32AA2D" TaskConfigurationGuid="BD6876A2-69D9-4B23-A36A-3727F58C4D07"
		TaskTargetName="Process.RequestedFor.Manager" TaskTargetType="Dynamic" IsPrimary="1" EscalationLevel="0" />
	<TaskTarget TaskTargetGuid="FA98874F-318B-448A-B1A0-F5B67FE59EF7" TaskConfigurationGuid="A499A2E2-4AF9-47A7-A237-3DA5F17ADAD9"
		TaskTargetName="SUDS Background Check Admin" TaskTargetType="GROUP" IsPrimary="1" EscalationLevel="0" />
	<TaskTarget TaskTargetGuid="CD292BA6-F2F4-43D4-BF6B-F5BF44CFFEBB" TaskConfigurationGuid="4C585B57-C521-4374-BF22-8114CCA5BF15"
		TaskTargetName="WSG - Dev Architecture" TaskTargetType="GROUP" IsPrimary="1" EscalationLevel="0" />
	<TaskTarget TaskTargetGuid="B0DD6C3B-53C6-451F-8F4B-F5FF0D95C6F8" TaskConfigurationGuid="B04F3C5E-9164-4FF2-9BAF-164EAFA2B347"
		TaskTargetName="Process.Initiator" TaskTargetType="Dynamic" IsPrimary="1" EscalationLevel="0" />
	<TaskTarget TaskTargetGuid="CAD37AAB-2E76-4013-A8BE-F6CCFEC4F5F2" TaskConfigurationGuid="EAAA4647-5C32-4A0A-B541-0F85F3321AAD"
		TaskTargetName="Process.Initiator" TaskTargetType="Dynamic" IsPrimary="1" EscalationLevel="0" />
	<TaskTarget TaskTargetGuid="6F3393F4-971E-4EC1-A3EF-F725A68ACF11" TaskConfigurationGuid="74D01030-B868-429B-9922-61BB3F18E255"
		TaskTargetName="Process.Initiator" TaskTargetType="Dynamic" IsPrimary="1" EscalationLevel="0" />
	<TaskTarget TaskTargetGuid="8B59E42D-943B-41B5-860F-F72C61CB1176" TaskConfigurationGuid="A4C4D98E-E640-4A2B-BDE4-DCADFB967AA2"
		TaskTargetName="Process.RequestedFor.Manager" TaskTargetType="Dynamic" IsPrimary="1" EscalationLevel="0" />
	<TaskTarget TaskTargetGuid="2E023D5B-9DB5-4C31-B641-F76447775B0B" TaskConfigurationGuid="21477C2A-C244-4BAE-855B-666DA91FA50B"
		TaskTargetName="Process.RequestedFor.Manager" TaskTargetType="DYNAMIC" IsPrimary="1" EscalationLevel="0" />
	<TaskTarget TaskTargetGuid="E28E2641-E32F-4E62-8605-F8B4A60B1B76" TaskConfigurationGuid="AAB025CE-FA13-41FE-B619-DE75DB28A70A"
		TaskTargetName="Process.Initiator" TaskTargetType="Dynamic" IsPrimary="1" EscalationLevel="0" />
	<TaskTarget TaskTargetGuid="520FB034-4581-4150-8E43-F975CCB68938" TaskConfigurationGuid="44B709BB-D84F-4AEF-AA9A-3A42759A87B8"
		TaskTargetName="Process.RequestedFor.Manager" TaskTargetType="Dynamic" IsPrimary="1" EscalationLevel="0" />
	<TaskTarget TaskTargetGuid="2671258D-0CF3-43D4-ACD5-FA16B88D7A6E" TaskConfigurationGuid="BEC18E58-BA60-48FE-91CA-5B206A4BA457"
		TaskTargetName="Process.Initiator" TaskTargetType="Dynamic" IsPrimary="1" EscalationLevel="0" />
	<TaskTarget TaskTargetGuid="44B0F907-C3B2-4514-884D-FB5E2A0F0160" TaskConfigurationGuid="DE2B30A6-71C7-47F3-BC08-0BCD1EC262C4"
		TaskTargetName="ssong2" TaskTargetType="USER" IsPrimary="1" EscalationLevel="0" />
	<TaskTarget TaskTargetGuid="513F3272-4880-4BDA-9D52-FC75CDB5B554" TaskConfigurationGuid="65EB0556-81EB-4BEE-A48B-C7AFE541A929"
		TaskTargetName="Process.RequestedFor.Manager" TaskTargetType="Dynamic" IsPrimary="1" EscalationLevel="0" />
	<TaskTarget TaskTargetGuid="61D1DBCC-6D61-4C42-BFFE-FD14216D96F7" TaskConfigurationGuid="D4091FB4-EF08-49F1-8EC2-91DE4C2786F3"
		TaskTargetName="gshin" TaskTargetType="USER" IsPrimary="1" EscalationLevel="0" />
	<TaskTarget TaskTargetGuid="B39B16E3-775E-4AA7-A11D-FF171B944A63" TaskConfigurationGuid="99F23050-44B5-45DC-A0D3-DD0B3B7C75AA"
		TaskTargetName="Process.Initiator" TaskTargetType="Dynamic" IsPrimary="1" EscalationLevel="0" />
</TaskTargets>