<?xml version="1.0"?>
<posts pubDate="20091014002735">
  <post>
    <category>QW1hem9u
</category>
    <regdate>MjAwOTEwMTQwMDI3MzU=
</regdate>
    <user_id>Zmx5bmhpZ2g=
</user_id>
    <nick_name>Zmx5bmhpZ2g=
</nick_name>
    <title>U2Ftc3VuZyBCRC1QMjUwMCAxMDgwcCBCbHUtcmF5IERpc2MgUGxheWVyICQyOTkuOTggQCBBbWF6
b24uY29t
</title>
    <content>PGEgaHJlZj0iaHR0cDovL3d3dy5hbWF6b24uY29tL2RwL0IwMDFIQkhMRVk/dGFnPXByaWMwNDgt
MjAiPlNhbXN1bmcgQkQtUDI1MDAgMTA4MHAgQmx1LXJheSBEaXNjIFBsYXllciBBbWF6b24uY29t
ICQyOTkuOTg8L2E+PGJyIC8+PGEgaHJlZj0iaHR0cDovL3d3dy5hbWF6b24uY29tL2RwL0IwMDFI
QkhMRVk/dGFnPXByaWMwNDgtMjAiPjxpbWcgc3JjPSJodHRwOi8vZWN4LmltYWdlcy1hbWF6b24u
Y29tL2ltYWdlcy9JLzIxJTJCOWlteEVpMEwuanBnIiBib3JkZXI9IjAiIC8+PC9hPg==
</content>
  </post>
</posts>
