<?xml version="1.0"?>
<posts pubDate="20091014002431">
  <post>
    <category>QW1hem9u
</category>
    <regdate>MjAwOTEwMTQwMDI0MzE=
</regdate>
    <user_id>Zmx5bmhpZ2g=
</user_id>
    <nick_name>Zmx5bmhpZ2g=
</nick_name>
    <title>U2Ftc3VuZyBQTjUwQjU2MCA1MC1JbmNoIDEwODBwIFBsYXNtYSBIRFRWICQxMTQ5LjAwIEAgQW1h
em9uLmNvbQ==
</title>
    <content>PGEgaHJlZj0iaHR0cDovL3d3dy5hbWF6b24uY29tL2RwL0IwMDI0Tkw0REk/dGFnPXByaWMwNDgt
MjAiPlNhbXN1bmcgUE41MEI1NjAgNTAtSW5jaCAxMDgwcCBQbGFzbWEgSERUViBBbWF6b24uY29t
ICQxMTQ5LjAwPC9hPjxiciAvPjxhIGhyZWY9Imh0dHA6Ly93d3cuYW1hem9uLmNvbS9kcC9CMDAy
NE5MNERJP3RhZz1wcmljMDQ4LTIwIj48aW1nIHNyYz0iaHR0cDovL2VjeC5pbWFnZXMtYW1hem9u
LmNvbS9pbWFnZXMvSS81MXJSRVRiJTJCbXNMLmpwZyIgYm9yZGVyPSIwIiAvPjwvYT4=
</content>
  </post>
</posts>
