<?xml version="1.0"?>
<posts pubDate="20091013234043">
  <post>
    <category>QW1hem9u
</category>
    <regdate>MjAwOTEwMTMyMzQwNDM=
</regdate>
    <user_id>Zmx5bmhpZ2g=
</user_id>
    <nick_name>Zmx5bmhpZ2g=
</nick_name>
    <title>U2Ftc3VuZyBQTjUwQjU1MCA1MC1JbmNoIDEwODBwIFBsYXNtYSBIRFRWICQxMDU5LjAwIEAgQW1h
em9uLmNvbQ==
</title>
    <content>PGEgaHJlZj0iaHR0cDovL3d3dy5hbWF6b24uY29tL2RwL0IwMDFWU0NINzQ/dGFnPXByaWMwNDgt
MjAiPlNhbXN1bmcgUE41MEI1NTAgNTAtSW5jaCAxMDgwcCBQbGFzbWEgSERUViBBbWF6b24uY29t
ICQxMDU5LjAwPC9hPjxiciAvPjxhIGhyZWY9Imh0dHA6Ly93d3cuYW1hem9uLmNvbS9kcC9CMDAx
VlNDSDc0P3RhZz1wcmljMDQ4LTIwIj48aW1nIHNyYz0iaHR0cDovL2VjeC5pbWFnZXMtYW1hem9u
LmNvbS9pbWFnZXMvSS8zMUtzSm05Vm13TC5qcGciIGJvcmRlcj0iMCIgLz48L2E+
</content>
  </post>
</posts>
