<?xml version="1.0"?>
<posts pubDate="20091010235020">
  <post>
    <regdate>MjAwOTEwMTAyMzUwMjA=
</regdate>
    <user_id>cHJpY2VhbmR0YWxr
</user_id>
    <nick_name>UHJpY2VBbmRUYWxr
</nick_name>
    <title>RGVsb25naGkgVFJEMDcxNVQgU2FmZSBIZWF0IE9pbC1GaWxsZWQgUmFkaWF0b3IgJDc3LjU4IEAg
QW1hem9uLmNvbQ==
</title>
    <content>PGEgaHJlZj0iaHR0cDovL3d3dy5hbWF6b24uY29tL2RwL0IwMDBBMzNCMUM/bT1BVFZQREtJS1gw
REVSJnRhZz1wcmljMDQ4LTIwIj5EZWxvbmdoaSBUUkQwNzE1VCBTYWZlIEhlYXQgT2lsLUZpbGxl
ZCBSYWRpYXRvciBBbWF6b24uY29tICQ3Ny41ODwvYT48YnIgLz48YSBocmVmPSJodHRwOi8vd3d3
LmFtYXpvbi5jb20vZHAvQjAwMEEzM0IxQz9tPUFUVlBES0lLWDBERVImdGFnPXByaWMwNDgtMjAi
PjxpbWcgc3JjPSJodHRwOi8vZWN4LmltYWdlcy1hbWF6b24uY29tL2ltYWdlcy9JLzQxWko2UlhH
WERMLl9TTDc1Xy5qcGciIGJvcmRlcj0iMCIgLz48L2E+
</content>
  </post>
</posts>
