<?xml version="1.0"?>
<posts pubDate="20091011011007">
  <post>
    <category>QW1hem9u
</category>
    <regdate>MjAwOTEwMTEwMTEwMDc=
</regdate>
    <user_id>Zmx5bmhpZ2g=
</user_id>
    <nick_name>Zmx5bmhpZ2g=
</nick_name>
    <title>VVNCIDIuMCB0byBJREUgMi41IiBIYXJkIERpc2sgRHJpdmUgSEREIEFsdW1pbnVtIEV4dGVybmFs
IENhc2UgRW5jbG9zdXJlICQ2LjkxIEAgSERF
</title>
    <content>PGEgaHJlZj0iaHR0cDovL3d3dy5hbWF6b24uY29tL2RwL0IwMDBGTkJZS1c/bT1BM1Y2Qks0RDBI
S0E4RiZ0YWc9cHJpYzA0OC0yMCI+VVNCIDIuMCB0byBJREUgMi41IiBIYXJkIERpc2sgRHJpdmUg
SEREIEFsdW1pbnVtIEV4dGVybmFsIENhc2UgRW5jbG9zdXJlIEhERSAkNi45MTwvYT48YnIgLz48
YSBocmVmPSJodHRwOi8vd3d3LmFtYXpvbi5jb20vZHAvQjAwMEZOQllLVz9tPUEzVjZCSzREMEhL
QThGJnRhZz1wcmljMDQ4LTIwIj48aW1nIHNyYz0iaHR0cDovL2VjeC5pbWFnZXMtYW1hem9uLmNv
bS9pbWFnZXMvSS80MVYzNFFBNkZaTC5qcGciIGJvcmRlcj0iMCIgLz48L2E+
</content>
  </post>
</posts>
