<?xml version="1.0"?>
<posts pubDate="20091017070504">
  <bit name="outputpath">/home/content/u/c/p/ucprice/html/priceandtalk/</bit>
  <post>
    <category>VEI=
</category>
    <title>V2VzdGVybiBEaWdpdGFsIFdETUVCMzIwMFROIE15IFBhc3Nwb3J0IDMyMEdCIEV4dGVybmFsIFBv
cnRhYmxlIEhhcmQgRHJpdmUgJDY5Ljk5IGF0IE5ld2VnZw==
</title>
    <regdate>MjAwOTEwMTcwNzAwNTU=
</regdate>
    <user_id>cHJpY2VhbmR0YWxr
</user_id>
    <nick_name>UHJpY2VBbmRUYWxr
</nick_name>
    <content>PGltZyBzcmM9J2h0dHA6Ly9jZG4xLnRlY2hiYXJnYWlucy5jb20vaWNhY2hlLzIwMDkvMTAvMTUv
MTI1NTYzOTYwNzE2NjcuanBlZycgYm9yZGVyPScwJyB3aWR0aD0nMjI1cHgnPiAmbmJzcDsmbmJz
cDs8YSBocmVmPSdodHRwOi8vd3d3LnRlY2hiYXJnYWlucy5jb20vbmV3ZWdnX2NvdXBvbnMuY2Zt
JyA+TmV3ZWdnIENvdXBvbnM8L2E+PHA+U291cmNlOiA8YSBocmVmPSJodHRwOi8vd3d3LnRlY2hi
YXJnYWlucy5jb20vbmV3c19kaXNwbGF5SXRlbS5jZm0vMTgxNTM2Ij5odHRwOi8vd3d3LnRlY2hi
YXJnYWlucy5jb20vbmV3c19kaXNwbGF5SXRlbS5jZm0vMTgxNTM2PC9hPjwvcD4=
</content>
  </post>
</posts>
